{
  "rmse": 0.0027965258717318167,
  "mae": 0.002136823516356757,
  "r2": 0.8381931016495227
}